Inhabitants: United Planets,0x7dEB7Bce4d360Ebe68278dee6054b882aa62D19c,ETH
Crypto.Chicks,0x1981cc36b59cffdd24b01cc5d698daa75e367e04,ETH
10KTF Stockroom,0x7daec605e9e2a1717326eedfd660601e2753a057,ETH
Tom Sachs Rocket Factory,0x11595ffb2d3612d810612e34bc1c2e6d6de55d26,ETH
Decentral Games,0x4f81c790581b240a5c948afd173620ecc8c71c8d,ETH
VOX Collectibles: Mirandus,0xf76179bb0924ba7da8e7b7fc2779495d7a7939d8,ETH
Party Ape | Billionaire Club,0x5df340b5d1618c543ac81837da1c2d2b17b3b5d8,ETH
RaidParty Heroes,0x966731dfd9b9925dd105ff465687f5aa8f54ee9f,ETH
The Sevens (Official),0xf497253c2bb7644ebb99e4d9ecc104ae7a79187a,ETH
Wrapped PixelMap,0x050dc61dfb867e0fe3cf2948362b6c0f3faf790b,ETH
PEACEFUL GROUPIES V2,0x4f89Cd0CAE1e54D98db6a80150a824a533502EEa,ETH
Valhalla,0x231d3559aa848bf10366fb9868590f01d34bf240,ETH
Voxels,0x79986af15539de2db9a5086382daeda917a9cf0c,ETH
IO: Imaginary Ones,0x716f29b8972d551294d9e02b3eb0fc1107fbf4aa,ETH
Pixelmon,0xADaE0Ddaf90170a44ADEbcFB8eeDE12041D13220,ETH
DEGEN TOONZ COLLECTION,0x19b86299c21505cdf59ce63740b240a9c822b5e4,ETH
Treeverse,0x1B829B926a14634d36625e60165c0770C09D02b2,ETH
The Watch,0x236672Ed575E1e479b8E101AEeb920F32361f6F9,ETH
KIWAMI Genesis,0x701a038af4bd0fc9b69a829ddcb2f61185a49568,ETH
Capsule House,0xfcb1315c4273954f74cb16d5b663dbf479eec62e,ETH
Zipcy's SuperNormal,0xd532b88607b1877fe20c181cba2550e3bbd6b31c,ETH
Damien Hirst - The Currency,0xaaDc2D4261199ce24A4B0a57370c4FCf43BB60aa,ETH
Metroverse,0x0e9d6552b85be180d941f1ca73ae3e318d2d4f1f,ETH
Impostors Genesis Aliens,0x3110ef5f612208724ca51f5761a69081809f03b7,ETH
Kaiju Kingz,0x0c2e57efddba8c768147d1fdf9176a0a6ebd5d83,ETH
CyberKongz VX,0x7EA3Cca10668B8346aeC0bf1844A49e995527c8B,ETH
PhantaBear,0x67d9417c9c3c250f61a83c7e8658dac487b56b09,ETH
More Loot,0x1dfe7Ca09e99d10835Bf73044a23B73Fc20623DF,ETH
Prime Ape Planet PAP,0x6632a9d63e142f17a668064d41a21193b49b41a0,ETH
CyberBrokers,0x892848074ddea461a15f337250da3ce55580ca85,ETH
Opepen Edition,0x6339e5e072086621540d0362c4e3cea0d643e114,ETH
Emblem Vault,0x82C7a8f707110f5FBb16184A5933E9F78a34c6ab,ETH
The Official Surreals,0xa406489360a47af2c74fc1004316a64e469646a5,ETH
FEWOCiOUS x RTFKT,0x2250d7c238392f4b575bb26c672afe45f0adcb75,ETH
WVRPS by WarpSound (Official),0xcbc67ea382f8a006d46eeeb7255876beb7d7f14d,ETH
Nuclear Nerds V2,0x0f78c6eee3c89ff37fd9ef96bd685830993636f2,ETH
Phunks,0xf07468ead8cf26c752c676e43c814fee9c8cf402,ETH
Bricktopians V2,0x9eeeaf684e228c2d5c89435e010acc02c41dc86b,ETH
0xApes Trilogy,0x22c08c358f62f35b742d023bf2faf67e30e5376e,ETH
Playing Arts Crypto Edition,0xc22616e971a670e72f35570337e562c3e515fbfe,ETH
8liens NFT,0x740c178e10662bbb050bde257bfa318defe3cabc,ETH
OG:Crystals,0x368ad4a7a7f49b8fa8f34476be0fc4d04ce622f5,ETH
Habibiz V2,0x98a0227e99e7af0f1f0d51746211a245c3b859c2,ETH
The Flower Girls,0x2efa07cac3395599db83035d196f2a0e7263f766,ETH
Purrnelopes Country Club,0x9759226b2f8ddeff81583e244ef3bd13aaa7e4a1,ETH
Dimension X,0x8918ba30e2e76b503e83d55eb08936b0f979eec4,ETH
World of Women Galaxy,0xf61f24c2d93bf2de187546b14425bf631f28d6dc,ETH
VOX Collectibles: Town Star,0xad9Fd7cB4fC7A0fBCE08d64068f60CbDE22Ed34C,ETH
Hashmasks,0xc2c747e0f7004f9e8817db2ca4997657a7746928,ETH
Cool Pets NFT,0x86c10d10eca1fca9daf87a279abccabe0063f247,ETH
